repo,sha,py_files,parsed,unparseable,excluded_test,ipynb_not_scanned,sites,P1,P2,P3,P4,sampled
Benchmarking_DL_MIMICIII,eae5f27719,48,44,4,8,43,3,3,0,0,0,3
DomainBed,b93c22a1cf,20,20,0,14,0,16,6,0,1,9,5
FIDDLE,7dd6d98819,4,4,0,0,5,1,0,0,0,1,1
HIRID-ICU-Benchmark,bee770094b,40,40,0,6,0,7,4,1,2,0,5
HurtfulWords,b59181585a,20,20,0,0,2,7,3,2,2,0,5
MIMIC-IV-Data-Pipeline,43ff2393da,27,27,0,0,24,4,1,1,0,2,4
MIMIC_Extract,d8d2dea551,6,6,0,0,6,1,0,0,1,0,1
TPC-LoS-prediction,aa2a602c1a,118,118,0,0,0,5,0,0,0,5,5
circEWS,dc5f5ccbc0,126,126,0,0,2,22,20,2,0,0,5
clinical-outcome-prediction,b376f4bcd7,30,30,0,0,0,2,0,0,2,0,2
eICU-GNN-LSTM,5167eea88b,43,43,0,0,0,7,0,0,4,3,5
mimic-code,d20b49a71e,15,15,0,14,20,0,0,0,0,0,0
mimic3-benchmarks,ea0314c7cb,61,61,0,5,0,16,16,0,0,0,5
omop-learn,a33440af2b,27,27,0,0,1,1,1,0,0,0,1
retain,9fd39c46e4,3,0,3,0,0,0,0,0,0,0,0
robustdg,3eee1730ae,79,78,1,0,10,10,7,3,0,0,5
sepsis3-mimic,3841989105,4,4,0,0,13,0,0,0,0,0,0
time_aware_attention,0191878624,17,17,0,0,0,1,0,1,0,0,1
