repo,sha,py_files,parsed,unparseable,excluded_test,ipynb_not_scanned,sites,S1,S2,S3,S4,sampled
AIF360,34877916b7,135,135,0,50,34,58,10,28,8,12,8
BasicTS,c2bb6e31e5,257,257,0,25,4,3,0,2,1,0,3
Benchmarking_DL_MIMICIII,eae5f27719,48,44,4,8,43,3,0,3,0,0,2
DomainBed,b93c22a1cf,20,20,0,14,0,8,6,0,1,1,4
FIDDLE,7dd6d98819,4,4,0,0,5,6,3,0,3,0,4
HIRID-ICU-Benchmark,bee770094b,40,40,0,6,0,5,2,3,0,0,4
HurtfulWords,b59181585a,20,20,0,0,2,17,3,6,8,0,6
MIMIC-IV-Data-Pipeline,43ff2393da,27,27,0,0,24,3,0,1,1,1,3
MIMIC_Extract,d8d2dea551,6,6,0,0,6,1,0,1,0,0,1
NICO-plus,397942ec72,18,18,0,0,0,11,5,4,1,1,6
TPC-LoS-prediction,aa2a602c1a,118,118,0,0,0,0,0,0,0,0,0
circEWS,dc5f5ccbc0,126,126,0,0,2,23,10,8,2,3,8
clinical-outcome-prediction,b376f4bcd7,30,30,0,0,0,4,0,1,3,0,3
eICU-GNN-LSTM,5167eea88b,43,43,0,0,0,3,0,0,1,2,3
fairseq2,7f06d6f4f5,498,498,0,117,0,14,1,3,8,2,7
mimic-code,d20b49a71e,15,15,0,14,20,0,0,0,0,0,0
mimic3-benchmarks,ea0314c7cb,61,61,0,5,0,21,13,6,0,2,6
omop-learn,a33440af2b,27,27,0,0,1,4,1,0,0,3,3
retain,9fd39c46e4,3,0,3,0,0,0,0,0,0,0,0
robustdg,3eee1730ae,79,78,1,0,10,26,6,13,0,7,6
sepsis3-mimic,3841989105,4,4,0,0,13,0,0,0,0,0,0
ssdg-benchmark,8c0b9a497f,12,12,0,0,0,0,0,0,0,0,0
tableshift,fca9429814,93,93,0,6,0,14,3,2,9,0,6
time_aware_attention,0191878624,17,17,0,0,0,1,0,1,0,0,1
wilds,472677590d,132,131,1,0,0,11,0,7,4,0,4
